{
	"partitions" : [
		{
			"name" : "Top",
			"pins" : [
				{
					"name" : "pin_name1",
					"strict" : false
				},
				{
					"name" : "a6",
					"strict" : false
				},
				{
					"name" : "a5",
					"strict" : false
				},
				{
					"name" : "a0",
					"strict" : false
				},
				{
					"name" : "a2",
					"strict" : false
				},
				{
					"name" : "a1",
					"strict" : false
				},
				{
					"name" : "a3",
					"strict" : false
				},
				{
					"name" : "a7",
					"strict" : false
				},
				{
					"name" : "a4",
					"strict" : false
				},
				{
					"name" : "a8",
					"strict" : false
				},
				{
					"name" : "a10",
					"strict" : false
				},
				{
					"name" : "a9",
					"strict" : false
				},
				{
					"name" : "a11",
					"strict" : false
				}
			]
		}
	]
}